image,baseline_before,baseline_score_kept,baseline_overlap_kept,added_total
0001400264-Raw03-f_00009.jpg,1589,1468,1101,1101
0001404397-Raw00-f_00011.jpg,2540,2008,831,831
0001404397-Raw01-f_00003.jpg,1783,1711,920,920
0001404397-Raw01-f_00006.jpg,2579,2389,1137,1137
0001416364-Raw00-f_00008.jpg,5410,4888,2853,2853
0001416364-Raw00-f_00009.jpg,6587,5855,2846,2846
0001416364-Raw01-f_00002.jpg,4066,3855,2228,2228
0001416364-Raw01-f_00003.jpg,3137,2995,1846,1846
0001416364-Raw01-f_00005.jpg,3928,3651,2135,2135
0001416364-Raw02-f_00009.jpg,4237,3909,2433,2433
0001416970-Raw01-f_00005.jpg,2074,1983,1085,1085
0001416970-Raw02-f_00003.jpg,2794,2650,1393,1393
0001416970-Raw02-f_00005.jpg,2555,2422,1485,1485
0001416970-Raw12-f_00004.jpg,1765,1686,1076,1076
0001416970-Raw13-f_00008.jpg,2812,2582,1542,1542
0001417541-Raw00-f_00005.jpg,2168,2113,1189,1189
0001417541-Raw02-f_00006.jpg,2557,2438,1354,1354
0001417541-Raw02-f_00007.jpg,3530,3284,1549,1549
0001417541-Raw02-f_00011.jpg,2425,2325,1185,1185
0001417541-Raw03-f_00006.jpg,1661,1569,1197,1197
0001417541-Raw03-f_00007.jpg,1477,1388,1085,1085
0001417971-Raw02-f_00002.jpg,3767,3471,1890,1890
0001417971-Raw02-f_00011.jpg,3741,3367,1613,1613
0001417971-Raw12-f_00007.jpg,725,680,510,510
0001420781-Raw00-f_00004.jpg,7596,7070,3917,3917
0001420781-Raw01-f_00002.jpg,5274,4878,2433,2433
0001420781-Raw01-f_00009.jpg,5888,5405,2873,2873
0001420781-Raw01-f_00010.jpg,5977,5632,3186,3186
0001420781-Raw02-f_00007.jpg,5826,5344,2427,2427
0001420781-Raw02-f_00009.jpg,5598,5229,2645,2645
0001422620-Raw00-f_00002.jpg,4110,3658,1934,1934
0001422620-Raw00-f_00004.jpg,3449,3120,1701,1701
0001422620-Raw00-f_00005.jpg,3693,3297,1847,1847
0001422620-Raw01-f_00001.jpg,4588,4151,1884,1884
0001422620-Raw01-f_00003.jpg,4785,4272,2220,2220
0001422620-Raw01-f_00004.jpg,4898,4474,2240,2240
0001422620-Raw01-f_00006.jpg,4882,4376,2137,2137
0001422620-Raw01-f_00007.jpg,2090,1888,1458,1458
0001422620-Raw02-f_00004.jpg,3767,3432,2047,2047
0001429378-Raw01-f_00002.jpg,3541,3342,1575,1575
0001430517-Raw02-f_00004.jpg,4393,4141,1825,1825
0001430517-Raw02-f_00009.jpg,3277,3172,1238,1238
0001432633-Raw00-f_00002.jpg,1768,1664,956,956
0001432633-Raw01-f_00001.jpg,2175,2006,843,843
0001432633-Raw01-f_00008.jpg,2385,2265,1086,1086
0001432633-Raw02-f_00000.jpg,1797,1704,1024,1024
0001432633-Raw02-f_00002.jpg,3235,2812,1571,1571
0001432633-Raw02-f_00003.jpg,3134,2888,1318,1318
0001433039-Raw00-f_00006.jpg,4907,4194,2193,2193
0001441823-Raw00-f_00001.jpg,2829,2536,1210,1210
0001441823-Raw00-f_00002.jpg,2882,2584,1464,1464
0001441823-Raw00-f_00004.jpg,2286,2079,921,921
0001441823-Raw01-f_00002.jpg,2359,2030,893,893
0001441823-Raw02-f_00001.jpg,3755,3297,1406,1406
0001441823-Raw02-f_00003.jpg,5255,4533,1411,1411
0001441823-Raw02-f_00007.jpg,5936,4918,1708,1708
0001441823-Raw02-f_00010.jpg,5101,4273,1470,1470
0001441823-Raw12-f_00000.jpg,2898,2690,2066,2066
0001441824-Raw01-f_00007.jpg,1907,1862,949,949
0001441824-Raw01-f_00010.jpg,2275,2135,981,981
0001441824-Raw02-f_00004.jpg,7653,6398,2121,2121
0001441824-Raw02-f_00011.jpg,9411,7799,2477,2477
0001441830-Raw00-f_00001.jpg,2267,2072,1085,1085
0001441830-Raw00-f_00002.jpg,2232,2002,1076,1076
0001441830-Raw00-f_00003.jpg,1448,1319,709,709
0001441830-Raw01-f_00002.jpg,2214,2007,1082,1082
0001441830-Raw01-f_00003.jpg,2666,2348,1132,1132
0001441830-Raw01-f_00004.jpg,2290,2029,999,999
0001441830-Raw01-f_00005.jpg,2981,2691,1547,1547
0001441830-Raw01-f_00007.jpg,2022,1919,947,947
0001441830-Raw01-f_00008.jpg,2750,2412,1210,1210
0001441830-Raw02-f_00001.jpg,12331,9865,2960,2960
0001441830-Raw02-f_00002.jpg,6023,4996,1604,1604
0001441830-Raw02-f_00003.jpg,5939,5038,1674,1674
0001441830-Raw03-f_00001.jpg,2745,2293,1163,1163
0001441830-Raw03-f_00003.jpg,1622,1450,1064,1064
0001441830-Raw03-f_00008.jpg,1767,1583,1240,1240
0001441830-Raw03-f_00009.jpg,2368,2078,1701,1701
0001469108_Raw02_f_00001.jpg,2837,2725,2003,2003
0001469108_Raw13_f_00012.jpg,5957,5434,2880,2880
0001469690_Raw00_f_00001.jpg,5659,5157,2925,2925
0001469690_Raw01_f_00004.jpg,2652,2458,1389,1389
0001469723_Raw11_f_00005.jpg,1630,1430,846,846
0001469762_Raw11_f_00004.jpg,3179,2804,2024,2024
0001469762_Raw12_f_00003.jpg,11277,9231,5094,5094
0001469762_Raw12_f_00005.jpg,4999,4512,3458,3458
0001469762_Raw12_f_00006.jpg,7339,6060,3802,3802
0001469762_Raw13_f_00001.jpg,7546,5685,2744,2744
0001469762_Raw13_f_00002.jpg,3484,3142,2291,2291
0001469762_Raw13_f_00004.jpg,4391,3881,2492,2492
0001469762_Raw13_f_00006.jpg,3500,3221,2064,2064
0001469763_Raw11_f_00006.jpg,1774,1630,1182,1182
0001469763_Raw12_f_00002.jpg,4175,3592,2835,2835
0001469763_Raw12_f_00003.jpg,3352,3126,2535,2535
0001469763_Raw12_f_00005.jpg,4372,3965,3118,3118
0001469763_Raw12_f_00006.jpg,3868,3489,2610,2610
0001469763_Raw13_f_00001.jpg,3117,2895,2168,2168
0001469763_Raw13_f_00005.jpg,3616,3353,2684,2684
0001469820_Raw01_f_00009.jpg,2426,2240,1191,1191
0001469820_Raw12_f_00018.jpg,2230,1841,1348,1348
0001469871_Raw02_f_00001.jpg,3044,2683,1316,1316
0001469871_Raw03_f_00001.jpg,1801,1747,1095,1095
0001469877_Raw12_f_00010.jpg,1458,1402,836,836
0001469877_Raw13_f_00010.jpg,2559,2379,1453,1453
0001469897_Raw00_f_00006.jpg,2795,2457,1108,1108
0001469897_Raw02_f_00001.jpg,5420,4924,2074,2074
0001469912_Raw12_f_00001.jpg,3387,3155,2571,2571
0001469912_Raw12_f_00005.jpg,2823,2610,1807,1807
0001469928_Raw11_f_00002.jpg,1352,1188,812,812
0001469928_Raw11_f_00006.jpg,1036,996,663,663
0001469928_Raw12_f_00002.jpg,2854,2713,2200,2200
0001469928_Raw13_f_00002.jpg,3010,2709,1809,1809
0001470010_Raw02_f_00001.jpg,2063,1963,1042,1042
0001470010_Raw11_f_00007.jpg,831,823,516,516
0001470010_Raw12_f_00007.jpg,1821,1740,1056,1056
0001470010_Raw12_f_00008.jpg,2329,2182,1431,1431
0001470010_Raw13_f_00007.jpg,2787,2579,1799,1799
0001470010_Raw13_f_00008.jpg,2802,2619,2036,2036
0001470016_Raw11_f_00000.jpg,1139,1118,982,982
0001470016_Raw13_f_00008.jpg,1893,1776,1277,1277
0001470055_Raw02_f_00007.jpg,1970,1933,515,515
0001470055_Raw12_f_00002.jpg,6021,5707,3846,3846
0001470112_Raw13_f_00002.jpg,3628,3405,1961,1961
0001470125_Raw13_f_00002.jpg,9107,7862,4261,4261
0001470125_Raw13_f_00003.jpg,8392,7573,4242,4242
0001470125_Raw13_f_00004.jpg,6464,5955,3271,3271
0001470125_Raw13_f_00007.jpg,8413,7240,3752,3752
0001470146_Raw11_f_00009.jpg,1426,1227,685,685
0001470146_Raw13_f_00001.jpg,8554,7176,4360,4360
0001470146_Raw13_f_00002.jpg,8952,7162,4334,4334
0001470146_Raw13_f_00008.jpg,8350,7101,3809,3809
0001470198_Raw11_f_00009.jpg,1068,877,503,503
0001470204_Raw10_f_00001.jpg,765,761,516,516
0001470204_Raw10_f_00003.jpg,1283,1207,826,826
0001470204_Raw10_f_00012.jpg,1341,1223,997,997
0001470204_Raw11_f_00001.jpg,737,732,500,500
0001470204_Raw11_f_00011.jpg,764,731,469,469
0001470204_Raw11_f_00012.jpg,3079,2525,1736,1736
0001470204_Raw12_f_00004.jpg,2676,2316,1071,1071
0001470204_Raw12_f_00011.jpg,1964,1895,1195,1195
0001470204_Raw12_f_00012.jpg,5830,4854,3252,3252
0001470204_Raw13_f_00001.jpg,3995,3611,2207,2207
0001470204_Raw13_f_00002.jpg,3444,3210,2131,2131
0001472015_Raw02_f_00001.jpg,1979,1872,951,951
0001472015_Raw12_f_00011.jpg,2522,2348,1672,1672
0001472015_Raw12_f_00012.jpg,3302,3062,2006,2006
0001472015_Raw13_f_00005.jpg,3673,3279,1972,1972
0001472015_Raw13_f_00006.jpg,2910,2675,1691,1691
0001472015_Raw13_f_00012.jpg,4049,3664,2158,2158
0001472115_Raw00_f_00006.jpg,4122,3799,1980,1980
0001472115_Raw01_f_00002.jpg,4225,3731,1967,1967
0001472115_Raw01_f_00003.jpg,4321,3846,2251,2251
0001472115_Raw01_f_00006.jpg,4423,3962,2084,2084
0001472221_Raw02_f_00001.jpg,4511,3905,1938,1938
0001472221_Raw10_f_00002.jpg,2039,1904,1032,1032
0001472221_Raw11_f_00002.jpg,2568,2244,1263,1263
0001472221_Raw12_f_00002.jpg,4161,3715,2091,2091
0001472221_Raw13_f_00002.jpg,6573,5853,3451,3451
0001472221_Raw13_f_00004.jpg,4083,3598,1882,1882
0001472228_Raw01_f_00019.jpg,5346,5024,3732,3732
0001472228_Raw02_f_00019.jpg,3851,3398,2023,2023
0001472228_Raw02_f_00020.jpg,6172,5556,3352,3352
0001472228_Raw03_f_00020.jpg,6208,5554,3224,3224
0001472228_Raw11_f_00020.jpg,3998,3255,1429,1429
0001472228_Raw12_f_00018.jpg,6170,5355,2916,2916
0001472229_Raw00_f_00000.jpg,2131,1866,906,906
0001472229_Raw00_f_00007.jpg,11380,10041,5981,5981
0001472229_Raw01_f_00006.jpg,5638,4985,2909,2909
0001472229_Raw01_f_00007.jpg,9696,8636,4583,4583
0001472229_Raw02_f_00005.jpg,2494,2366,1004,1004
0001472229_Raw13_f_00000.jpg,8466,7375,4122,4122
0001472229_Raw13_f_00004.jpg,7768,6827,4484,4484
0001472295_Raw00_f_00006.jpg,2213,2071,1112,1112
0001472295_Raw12_f_00000.jpg,3687,3344,2581,2581
0001472295_Raw12_f_00001.jpg,2164,2076,1532,1532
0001472295_Raw13_f_00007.jpg,2366,2180,1442,1442
0001472295_Raw13_f_00010.jpg,2256,2149,1272,1272
0001472302_Raw01_f_00010.jpg,2690,2574,1232,1232
0001472302_Raw11_f_00001.jpg,942,896,598,598
0001472302_Raw12_f_00001.jpg,2335,2257,1655,1655
0001472302_Raw12_f_00006.jpg,2771,2569,1834,1834
0001472449_Raw13_f_00010.jpg,2828,2673,1689,1689
0001472449_Raw13_f_00012.jpg,3736,3493,1825,1825
0001472453_Raw00_f_00003.jpg,2718,2604,1272,1272
0001472453_Raw00_f_00006.jpg,2562,2372,1052,1052
0001472453_Raw00_f_00009.jpg,2619,2508,1137,1137
0001472453_Raw00_f_00012.jpg,2756,2522,1097,1097
0001472453_Raw01_f_00006.jpg,2734,2595,1335,1335
0001472453_Raw02_f_00006.jpg,3351,3117,1490,1490
0001472453_Raw03_f_00007.jpg,2412,2252,1331,1331
0001472453_Raw03_f_00008.jpg,3014,2755,1469,1469
0001472453_Raw03_f_00010.jpg,3091,2843,1528,1528
0001472453_Raw03_f_00013.jpg,2382,2139,1205,1205
0001473056_Raw01_f_00000.jpg,3852,3560,2692,2692
0001473056_Raw03_f_00000.jpg,3525,3242,1912,1912
0001473056_Raw03_f_00003.jpg,4522,4066,2566,2566
0001473056_Raw11_f_00003.jpg,1864,1677,1066,1066
0001473056_Raw12_f_00002.jpg,3717,3333,2262,2262
0001473056_Raw12_f_00003.jpg,3355,2970,1780,1780
0001473056_Raw13_f_00001.jpg,6603,5440,2230,2230
0001473056_Raw13_f_00002.jpg,3787,3360,2078,2078
0001473056_Raw13_f_00003.jpg,3975,3496,1841,1841
0001473126_Raw00_f_00002.jpg,1714,1673,857,857
0001473126_Raw00_f_00004.jpg,1892,1823,932,932
0001473126_Raw00_f_00007.jpg,1564,1523,828,828
0001473126_Raw00_f_00010.jpg,1782,1728,998,998
0001473126_Raw01_f_00001.jpg,2971,2792,1653,1653
0001473126_Raw01_f_00009.jpg,2818,2449,1288,1288
0001473126_Raw01_f_00010.jpg,3547,3164,1738,1738
0001473126_Raw01_f_00012.jpg,2417,2284,1336,1336
0001473126_Raw02_f_00010.jpg,1791,1722,723,723
0001473126_Raw03_f_00010.jpg,1497,1455,1001,1001
0001473126_Raw11_f_00012.jpg,708,691,545,545
0001473126_Raw12_f_00012.jpg,2581,2507,1774,1774
0001473148_Raw00_f_00001.jpg,2112,2023,1236,1236
0001473148_Raw00_f_00006.jpg,1766,1717,1102,1102
0001473148_Raw00_f_00008.jpg,1689,1634,871,871
0001473148_Raw00_f_00012.jpg,1785,1714,972,972
0001473148_Raw01_f_00006.jpg,2659,2536,1589,1589
0001473148_Raw02_f_00007.jpg,1757,1730,910,910
0001473148_Raw02_f_00009.jpg,1844,1823,864,864
0001473148_Raw02_f_00011.jpg,1455,1324,631,631
0001473148_Raw02_f_00012.jpg,1542,1168,495,495
0001473148_Raw02_f_00013.jpg,1224,1169,886,886
0001473148_Raw03_f_00009.jpg,1987,1915,1259,1259
0001473148_Raw03_f_00011.jpg,1733,1449,887,887
0001473148_Raw03_f_00013.jpg,1379,1314,999,999
0001473148_Raw12_f_00008.jpg,3114,2662,1600,1600
0001473149_Raw00_f_00002.jpg,1665,1603,915,915
0001473149_Raw00_f_00004.jpg,1399,1366,820,820
0001473149_Raw00_f_00005.jpg,1762,1539,814,814
0001473149_Raw00_f_00007.jpg,1538,1443,808,808
0001473149_Raw00_f_00008.jpg,1770,1706,990,990
0001473149_Raw00_f_00011.jpg,1446,1425,833,833
0001473149_Raw00_f_00013.jpg,1420,1363,882,882
0001473149_Raw01_f_00004.jpg,1919,1835,1073,1073
0001473149_Raw01_f_00010.jpg,1817,1758,1026,1026
0001473149_Raw01_f_00013.jpg,1846,1810,1120,1120
0001473149_Raw02_f_00001.jpg,1619,1523,770,770
0001473149_Raw02_f_00007.jpg,1595,1557,831,831
0001473149_Raw02_f_00010.jpg,1615,1601,878,878
0001473149_Raw02_f_00013.jpg,1633,1614,946,946
0001473149_Raw03_f_00001.jpg,1667,1551,1040,1040
0001473149_Raw03_f_00004.jpg,1823,1747,1137,1137
0001473149_Raw03_f_00013.jpg,1585,1531,1074,1074
0001473149_Raw11_f_00002.jpg,560,534,386,386
0001474140_Raw01_f_00003.jpg,4065,3536,1793,1793
0001474140_Raw01_f_00004.jpg,2765,2465,1640,1640
0001474140_Raw02_f_00004.jpg,4973,4201,2224,2224
0001474140_Raw03_f_00003.jpg,2251,2066,1637,1637
0001474140_Raw12_f_00001.jpg,3214,2845,1747,1747
0001474140_Raw13_f_00003.jpg,7816,6466,2916,2916
0001480389_Raw00_f_00000.jpg,1431,1409,936,936
0001482852_Raw02_f_00001.jpg,2425,2289,1040,1040
0001483149_Raw01_f_00001.jpg,4302,3789,1995,1995
0001487223_Raw03_f_00005.jpg,1043,989,724,724
0001488661_Raw00_f_00007.jpg,3077,2932,1443,1443
0001488924_Raw01_f_00009.jpg,2366,2274,1071,1071
0001497752_Raw00_f_00010.jpg,5998,5591,3046,3046
0001498689_Raw00_f_00001.jpg,5495,5220,3220,3220
0001498711_Raw00_f_00001.jpg,3247,2916,1421,1421
0001498711_Raw12_f_00006.jpg,2260,2110,1395,1395
0001498711_Raw12_f_00008.jpg,2525,2359,1616,1616
0001498711_Raw12_f_00009.jpg,2228,2011,1331,1331
0001498711_Raw13_f_00009.jpg,2600,2420,1652,1652
0001498726_Raw01_f_00009.jpg,2343,2183,1325,1325
0001498726_Raw02_f_00007.jpg,3688,3520,1975,1975
0001498730_Raw02_f_00003.jpg,2802,2577,1302,1302
0001498730_Raw13_f_00010.jpg,1709,1588,1227,1227
0001498734_Raw13_f_00010.jpg,2297,2092,1395,1395
0001498751_Raw00_f_00005.jpg,1502,1477,458,458
0001499717_Raw00_f_00001.jpg,4765,4470,2275,2275
0001499720_Raw01_f_00005.jpg,5358,4892,2403,2403
0001499720_Raw02_f_00003.jpg,4035,3747,2127,2127
0001499720_Raw02_f_00004.jpg,4290,3966,1991,1991
0001499724_Raw12_f_00013.jpg,3687,3305,2111,2111
0001499724_Raw13_f_00013.jpg,4801,4384,2745,2745
0001499737_Raw00_f_00002.jpg,3786,3487,1960,1960
0001499737_Raw00_f_00008.jpg,3845,3424,1548,1548
0001499752_Raw10_f_00006.jpg,679,649,560,560
0001499756_Raw01_f_00005.jpg,2456,2341,720,720
0001499782_Raw01_f_00011.jpg,4008,3698,1886,1886
0001499782_Raw02_f_00008.jpg,3164,2766,966,966
0001499782_Raw02_f_00009.jpg,3355,2996,1074,1074
0001500011_Raw00_f_00002.jpg,2924,2749,1200,1200
0001500011_Raw02_f_00002.jpg,3264,3106,1642,1642
0001500011_Raw13_f_00005.jpg,2322,2091,1198,1198
0001500011_Raw13_f_00009.jpg,2057,1852,1195,1195
0001500036_Raw13_f_00001.jpg,3450,3058,1719,1719
0001500036_Raw13_f_00007.jpg,1791,1705,1119,1119
0001500048_Raw02_f_00002.jpg,7336,6686,3421,3421
0001500048_Raw11_f_00012.jpg,1272,1213,881,881
0001500088_Raw00_f_00010.jpg,4443,3958,1718,1718
0001500088_Raw01_f_00000.jpg,2052,1930,1508,1508
0001500088_Raw13_f_00006.jpg,3712,3524,2170,2170
0001500105_Raw02_f_00008.jpg,2560,2465,631,631
0001500133_Raw01_f_00006.jpg,3920,3708,2514,2514
0001500133_Raw13_f_00007.jpg,2109,1973,1207,1207
0001500191_Raw02_f_00007.jpg,4133,4004,2497,2497
0001500191_Raw03_f_00008.jpg,1943,1846,1408,1408
0001500199_Raw01_f_00001.jpg,2745,2554,1544,1544
0001506217_Raw02_f_00004.jpg,2129,2046,1123,1123
0001506247_Raw01_f_00004.jpg,1663,1596,800,800
0001507084_Raw00_f_00002.jpg,3590,3335,2023,2023
0001507084_Raw01_f_00000.jpg,3587,3201,1946,1946
0001507084_Raw01_f_00001.jpg,4125,3613,1892,1892
0001507084_Raw03_f_00004.jpg,1595,1542,1118,1118
0001507157_Raw00_f_00003.jpg,4397,4042,2199,2199
0001507157_Raw00_f_00004.jpg,4537,4196,2298,2298
0001507157_Raw00_f_00005.jpg,4693,4306,2102,2102
0001507157_Raw01_f_00001.jpg,5611,5046,3125,3125
0001507157_Raw01_f_00003.jpg,4206,3744,2195,2195
0001507157_Raw01_f_00005.jpg,4815,4056,2269,2269
0001507356_Raw00_f_00011.jpg,2951,2788,1162,1162
0001507356_Raw01_f_00003.jpg,3451,3209,1453,1453
0001507356_Raw03_f_00004.jpg,2468,2356,1462,1462
0001508776_Raw00_f_00001.jpg,1695,1609,847,847
0001508776_Raw01_f_00005.jpg,1883,1798,1024,1024
0001508776_Raw13_f_00002.jpg,2866,2562,1541,1541
0001508779_Raw01_f_00007.jpg,1725,1654,876,876
0001508779_Raw01_f_00010.jpg,2059,1918,1163,1163
0001508786_Raw00_f_00010.jpg,1821,1759,1003,1003
0001508786_Raw01_f_00007.jpg,1927,1803,1121,1121
0001508792_Raw01_f_00009.jpg,2614,2455,1463,1463
0001508792_Raw13_f_00004.jpg,2572,2319,1540,1540
0001508804_Raw02_f_00002.jpg,3337,3018,2248,2248
0001508812_Raw00_f_00008.jpg,2131,1917,1154,1154
0001508812_Raw02_f_00001.jpg,2375,2246,1437,1437
0001508812_Raw02_f_00008.jpg,2401,2227,1329,1329
0001508812_Raw02_f_00010.jpg,1433,1377,1146,1146
0001508836_Raw01_f_00001.jpg,3209,3039,1694,1694
0001508878_Raw13_f_00010.jpg,2535,2352,1412,1412
0001508888_Raw01_f_00000.jpg,1716,1577,1211,1211
0001508888_Raw02_f_00001.jpg,1979,1843,1228,1228
0001508888_Raw03_f_00001.jpg,2641,2450,1954,1954
0001508888_Raw03_f_00012.jpg,1768,1741,1359,1359
0001508888_Raw03_f_00013.jpg,1720,1700,1357,1357
0001508896_Raw13_f_00004.jpg,2556,2356,1435,1435
0001513231_Raw02_f_00003.jpg,3295,3046,1541,1541
0001513292_Raw00_f_00002.jpg,2674,2523,1251,1251
0001513292_Raw02_f_00002.jpg,2942,2696,1210,1210
0001513292_Raw03_f_00002.jpg,2436,2262,1507,1507
0001513462_Raw02_f_00002.jpg,3385,3143,1138,1138
0001513462_Raw03_f_00002.jpg,2734,2536,1269,1269
0001513813_Raw01_f_00002.jpg,4157,3784,1493,1493
0001524056_Raw10_f_00014.jpg,3619,3454,2250,2250
C1088600_V01_F00005_f9960f16-299a-4ba0-a21e-380feae4eccc.jpg,4890,4532,2598,2598
C1088600_V01_F00013_ca104bf6-f49d-4a1c-a79a-4a687a2c677e.jpg,3302,3136,1861,1861
C1088784_V02_F00010_ef3e146f-9528-4710-adc3-de0f50b1efd6.jpg,856,796,566,566
C1089315_V02_F00003_0610dc1f-6aff-4fc5-9420-792e1a8db51b.jpg,1963,1720,1111,1111
C1089343_V11_F00002_a731b7bc-af84-4d1c-bed6-16eaee09ee11.jpg,4776,4315,2542,2542
C1089343_V13_F00001_69fbc7de-64b5-48f3-ab41-577881f66f25.jpg,3551,3233,1943,1943
C1090687_V03_F00006_fc9ffcbb-ac3c-45fd-8e65-318271c347fb.jpg,1566,1520,1142,1142
C1091137_V13_F00000_0711bf0c-ae68-436a-adf0-92deb0cc42e4.jpg,2143,1972,1199,1199
C1091440_V01_F00003_d554b55c-0854-46d6-bba3-f9a34d193353.jpg,2838,2783,1737,1737
C1091480_V01_F00007_daa45838-c0b4-47ed-8320-0a395f9d9fca.jpg,2428,2333,1035,1035
C1098590_V01_F00005_474bfc65-c87c-4e85-b26b-10acac56a069.jpg,5364,4421,1685,1685
C1098590_V01_F00006_b4e40289-1047-4d67-b054-f6f27bba1d3a.jpg,4521,3881,1609,1609
C1098590_V01_F00007_9a62e988-3510-442a-8ec8-42f474c21531.jpg,3903,3505,1705,1705
C1104648_V01_F00002_aee9e4cb-decd-4c75-8765-a7307c08f574.jpg,1988,1903,870,870
C1109549_V00_F00002_e0910348-13a7-4f89-8874-ea49728a9a26.jpg,1986,1779,972,972
C1109549_V02_F00005_f64305b7-85eb-4a53-9522-bb3511d9b225.jpg,2575,2329,1270,1270
C1109556_V11_F00003_885486e1-6abb-4445-8896-d963343b001d.jpg,2833,2630,1572,1572
C1109702_V01_F00001_e5773398-0046-4041-9eff-44f24d1cbdab.jpg,4366,3971,1569,1569
C1109702_V01_F00003_4563735e-483f-41b1-99c5-e828f994f285.jpg,4643,4205,1763,1763
C1109702_V01_F00004_e12f9990-944d-4656-b619-5128588d1c21.jpg,5017,4549,1698,1698
C1109702_V01_F00006_05a8ed5a-a52a-4676-9c0d-3fb316772cfc.jpg,4023,3702,1365,1365
C1109702_V01_F00007_105a6ae0-9e6e-4f09-9ba2-90af1c6f7209.jpg,5044,4653,1732,1732
C1110103_V02_F00007_89a0dc57-84cc-4633-951a-756f215bd653.jpg,3205,2950,1456,1456
C1110379_V13_F00000_96579f1f-afe2-4704-895e-561d42755793.jpg,3016,2816,1601,1601
C1112907_V00_F00006_36067822-fa64-41d5-b472-b39161889add.jpg,4357,4127,1825,1825
C1112907_V01_F00006_bc6b175e-2930-46db-ab67-951cf3937af5.jpg,2955,2823,1447,1447
C1112907_V02_F00012_4067c79c-05d3-41d4-9542-edcac1162a97.jpg,3591,3467,1761,1761
C1142083_V01_F00006_e08d31f4-8aa6-44a6-8ee4-965f4fac1f71.jpg,2457,2109,1047,1047
C1142091_V02_F00003_46ad1e57-22c3-428c-8c31-59db3eed275d.jpg,1918,1837,1160,1160
C1148414_V01_F00003_b9fd37a3-bf37-4711-8903-054880d359e6.jpg,5590,5282,3451,3451
C1148414_V01_F00007_2be71d90-48c2-46be-8b22-e03d20222a3f.jpg,6312,5901,3841,3841
C1148414_V01_F00012_51809df6-f892-4535-96f1-7abb5335eb83.jpg,7395,6810,4440,4440
C1148873_V01_F00003_dd3fe065-aece-4bec-ad03-66cbef2ba401.jpg,3725,3367,1548,1548
C1148873_V01_F00005_5bbafc71-ec02-4fa1-a30b-5ec13d035ade.jpg,3647,3337,1597,1597
C1148873_V01_F00006_cafc21a2-631a-41f4-a777-45a56d89e37d.jpg,3584,3269,1769,1769
C1148873_V01_F00007_78e83f97-f8d9-443c-a61d-b6d3a5a4927e.jpg,4039,3720,1860,1860
C1156773_V02_F00007_bd31837a-0ab3-4d96-995d-88f9f375b041.jpg,3870,3609,2528,2528
C1156785_V12_F00002_936143eb-ffbf-4609-b75c-2778f476c44c.jpg,4490,3974,2889,2889
C1156785_V12_F00003_52278f94-7810-4314-8a77-6276b3559eaa.jpg,3742,3498,2338,2338
C1161080_V03_F00001_3b9692ef-7911-41a0-becf-4dd460b6fc91.jpg,2198,2036,1286,1286
C1161279_V02_F00004_bd1f379e-1b76-4c60-b520-0d58c383a3fc.jpg,3130,2916,1725,1725
C1236881_V13_F00000_78120b69-1247-4dcd-9b3d-9fb3932a5c15.jpg,3038,2863,2038,2038
C1236952_V01_F00007_436eb1b9-3df1-4ad2-9a0a-898be01e4191.jpg,3979,3743,1886,1886
C1238898_V11_F00002_b6acc7d8-e1f3-4fdd-9655-b39a81f2f595.jpg,4054,3491,1821,1821
C1238898_V13_F00001_6d090fdb-8b9b-424c-81cd-9ef5a945d043.jpg,4683,4273,2736,2736
C1239135_V13_F00007_1efe6c65-98eb-49cb-be69-8f1bc4aa520a.jpg,4103,3550,2068,2068
C1239162_V13_F00012_2fda64da-493d-43bb-8d06-a6bc09e75faf.jpg,3215,2882,1656,1656
C1239638_V03_F00007_526234b4-6138-4250-a542-153f4df9702f.jpg,2211,2089,1062,1062
C1240770_V02_F00007_1481b2de-d4db-43f1-ac46-0b72b6587011.jpg,2327,2244,1343,1343
C1240770_V03_F00007_faf5772c-639d-464e-b154-941db477b935.jpg,3850,3611,1894,1894
C1243226_V03_F00000_3ecaf361-c967-4625-a402-7c860a7f6272.jpg,2714,2315,1321,1321
C1243226_V11_F00002_b133680d-766e-49e4-9bdc-dd55e4b95377.jpg,7405,6783,4000,4000
C1249118_V01_F00005_664b40e2-81dc-4c4a-a795-e82730bf36aa.jpg,7359,6913,2844,2844
C1249118_V01_F00006_82a97400-0132-4dd3-bc36-52b0fd8a1725.jpg,6423,5874,2705,2705
C1249118_V01_F00008_dc397da4-def0-4899-939e-92c0b7326ece.jpg,7861,7174,3096,3096
C1249118_V01_F00009_8f3c7d65-9e1e-4f4e-b8a6-51abc2560199.jpg,7028,6443,2590,2590
C1249118_V01_F00010_558a576b-de61-40cf-85dd-8da271c6b4b6.jpg,7506,6926,3195,3195
C1249118_V01_F00011_63976a6d-180e-44e2-8ced-2e4594a2fae3.jpg,6719,6240,2912,2912
C1249118_V01_F00012_0ce9c6bc-0063-4ddc-b8c0-45f8560920cf.jpg,7042,6508,2836,2836
C1249118_V01_F00013_1d7355fb-157b-49e5-8420-fc5b1873dadc.jpg,7544,7032,2776,2776
C1258543_V01_F00003_3852eb00-1543-4c29-b20f-7860a01ddb28.jpg,2262,2100,1502,1502
C1258543_V02_F00003_cc86c991-b1fd-44c0-8e1f-65756ecbb850.jpg,2964,2758,1539,1539
C1258547_V01_F00001_eb7b6c32-32d3-49c4-b511-f83456c698f9.jpg,2272,2159,1563,1563
C1258547_V02_F00001_48211591-3a78-499b-a756-b00aa97a289a.jpg,3663,3317,1891,1891
C1258831_V02_F00005_90275143-752d-496b-87ae-34bb60e4364b.jpg,3838,3631,2110,2110
C1258908_V02_F00002_3705805d-2938-48e2-8864-db9c5a6d0215.jpg,3302,2998,1920,1920
C1258908_V02_F00009_43ba7288-2be4-450c-b57f-a6371be0dcec.jpg,2552,2281,1423,1423
C1258908_V03_F00002_bff87363-5cdf-4d83-9440-4d556f8b5341.jpg,3586,3287,2130,2130
C1259064_V03_F00009_7d62071c-57cd-4523-90ff-94afdb88284a.jpg,4096,3633,1891,1891
C1259064_V03_F00010_36420944-3cb0-40cd-b3d7-bfc09eeff22f.jpg,1127,1094,763,763
C1259685_V02_F00005_796d14ed-9849-485e-b515-a2aa3ec55b99.jpg,3410,3271,1581,1581
C1260080_V00_F00002_b3217d1a-21a8-44aa-bba0-675f1d22b820.jpg,1494,1465,859,859
C1261042_V00_F00006_187554e2-e05a-499f-8850-1ca12a6e646a.jpg,3950,3716,1639,1639
C1262484_V02_F00009_9ee6e1f6-3972-4789-a0e4-0133ed8b801a.jpg,3329,3037,1634,1634
C1262690_V02_F00009_5b60de1e-0f87-463f-ae1f-473ed8913ea2.jpg,1587,1536,826,826
C1264398_V01_F00014_4ae40bc9-67f1-4db3-8dab-7f5def2c101e.jpg,5091,4600,2723,2723
C1264398_V01_F00026_e8df472c-15f4-4925-aa9e-405f03971352.jpg,3969,3448,1355,1355
C1264398_V01_F00028_ac5bc3a8-2a42-4432-abd4-61cc3ec15953.jpg,3696,3416,1415,1415
C1264398_V01_F00029_ff4d947c-8dfc-43d7-997c-5e9ffcf8c3d4.jpg,3889,3442,1395,1395
C1264398_V01_F00032_f50b8213-dda3-4254-8348-8b930041190f.jpg,2989,2730,1242,1242
C1265423_V12_F00003_8fc9dfb2-9e75-470e-917a-5a4e5a7da814.jpg,2478,2385,1487,1487
C1266042_V13_F00000_edc3a2cb-4e52-404c-b538-7d614673c6a4.jpg,7038,6452,4469,4469
C1266876_V00_F00005_5fc65f29-22b8-46b4-b802-33825b41ab40.jpg,2121,2005,895,895
C1266903_V13_F00005_37c77e52-0283-433f-8b15-4d4790e7b0a5.jpg,3231,2973,1317,1317
C1267251_V01_F00008_3f2cbf39-1848-4cee-a4e1-65b9090a86b5.jpg,4091,3571,1654,1654
C1267251_V01_F00032_b81fd13b-d9c2-446c-88e0-256ac6ce76ad.jpg,3686,3363,1499,1499
C1267251_V01_F00033_aaab1d84-ccc3-4031-a09c-68e6eb40cdee.jpg,3255,2973,1328,1328
C1267292_V01_F00003_de6f2daa-8b99-410d-994d-71fc4844562c.jpg,2574,2405,1152,1152
C1267324_V11_F00008_fd0add87-dde7-49d2-8c4b-2fda3892b117.jpg,5596,5110,3007,3007
C1267417_V12_F00010_91f25bae-2a7d-45f5-90f2-916767013d82.jpg,3585,3506,2189,2189
C1267433_V12_F00011_1aa4efb8-4334-459e-9b4b-b26726a97604.jpg,4737,4592,2910,2910
C1267433_V13_F00011_ef754cb2-4765-40f9-8ad2-db3bd575dce3.jpg,4231,3921,2130,2130
C1267763_V02_F00008_a5f6ef17-b002-4974-a61a-1d6ad6b1eeb6.jpg,2999,2822,1727,1727
C1268397_V01_F00001_9ad25bc8-f173-47e6-af5f-d2ce6f4befc8.jpg,3824,3409,1868,1868
C1268397_V01_F00003_e1dc33a8-e49e-4d1e-a3a1-01a37fd5b839.jpg,4262,3924,1870,1870
C1269807_V02_F00005_7f04a465-26b9-40b4-a89b-eaf02bed6f2a.jpg,3781,3215,1476,1476
C1269807_V02_F00008_c21bf6a0-647a-4180-89ba-bda5e16c9289.jpg,3829,3378,1658,1658
C1269807_V02_F00009_d2c85d60-ddb7-4766-a69b-593cc91a5ec0.jpg,3728,3301,1696,1696
C1269807_V02_F00011_b0518a69-efd6-48ca-9365-8d33f35e41d9.jpg,3577,3114,1506,1506
C1270307_V03_F00001_4db93be7-7d6c-497d-bedd-16fb16ccd3c0.jpg,3534,3142,1702,1702
C1270307_V03_F00006_99f03dd5-526c-4072-a75f-5ada0ca8ece5.jpg,4105,3671,2113,2113
C1270444_V03_F00002_1397014f-d4ce-4e8a-b685-911d734a942e.jpg,4630,3949,1882,1882
C1270444_V03_F00004_b9c76f0c-db35-4acf-9610-f657bb593d5f.jpg,11272,9878,6285,6285
C1271058_V01_F00001_ef111d0b-95dc-4504-86d2-91f68c2de2b8.jpg,5017,4766,2431,2431
C1271350_V03_F00009_b0532482-b0cd-4eb7-a3e0-55e28c31562a.jpg,839,815,589,589
C1271382_V03_F00000_a0b18529-341c-452b-8240-af9765a108d4.jpg,2975,2633,1287,1287
C1272365_V13_F00001_5049eda2-98a5-40bd-ac68-0299d69867b8.jpg,5992,5571,3706,3706
C1273099_V03_F00003_653779e9-95c4-446b-8f45-3c04a46812fd.jpg,7530,6681,3196,3196
C1273099_V10_F00008_0c465685-47a5-45c5-be29-32d45b2d99e2.jpg,3186,2847,1364,1364
C1273207_V00_F00001_ddbadfe5-997f-45f4-b3dd-0cff3c54ff53.jpg,3363,3099,1797,1797
C1294000_V03_F00007_37beec22-a501-4ef5-9202-657007d14e39.jpg,3758,3426,2036,2036
C1294000_V03_F00010_367031c3-924f-4769-9c9e-9f5287f5f46c.jpg,4545,4113,2187,2187
C1294000_V03_F00012_e04cf712-cbea-411d-b0d1-6833539f5df0.jpg,6927,5511,2513,2513
C1294315_V03_F00002_a3f173f8-6277-4c97-a417-e1e5e3c2fa81.jpg,5141,4513,2626,2626
C1294467_V03_F00007_426b1d8e-70cb-46a7-8db4-e4dac28f4c5e.jpg,4771,4177,2150,2150
C1294467_V03_F00007_d6e06aa9-d635-4eb6-81fe-7b44997e9740.jpg,4771,4177,2150,2150
C1294536_V00_F00003_e9a8fd85-11ce-43c3-bb4e-60f2bef88698.jpg,3032,2656,1481,1481
C1294536_V11_F00005_5f852a5d-53c1-412b-bf65-cbb1d9771de0.jpg,4271,3694,2022,2022
C1294536_V12_F00003_f2549483-3809-4ede-b55d-ac93212a1276.jpg,6007,5652,3540,3540
C1294538_V01_F00014_83627962-903f-46ac-8e33-57967cd43f0a.jpg,4593,4362,2787,2787
C1294538_V11_F00006_f8ab0cdc-9105-478b-8ddc-89904425d50d.jpg,2301,2212,1430,1430
C1296446_V02_F00001_47104441-acc4-4e83-b94c-cf8a75b85087.jpg,2176,2033,1143,1143
C1296455_V01_F00001_0d8561d1-1c44-4d29-93a5-bfd9563d4261.jpg,2591,2303,1125,1125
C1296567_V00_F00008_e08e112c-ee40-4a0c-82cc-d8beb80bd9d0.jpg,3271,2814,1329,1329
C1296567_V11_F00008_d11b705f-c291-4cf7-9bed-0eb0c9dd6f5e.jpg,4309,3561,2256,2256
C1297627_V00_F00001_4774872f-b8b0-4b2b-acb3-27391ec220d7.jpg,3992,3580,2377,2377
C1297627_V01_F00002_08304277-d9b9-4278-992a-2fbf45ac0c3f.jpg,4329,3862,2286,2286
C1297791_V03_F00006_00e6301e-ac54-46db-a02e-9b80b31e0a90.jpg,4430,3921,2265,2265
